{"Bleu_1": 2.1787676620522972e-97, "Bleu_2": 2.2125490201612614e-97, "Bleu_3": 2.2475860258592088e-97, "Bleu_4": 2.2839581606902163e-97, "METEOR": 0.0, "ROUGE_L": 0.0, "CIDEr": 0.0}