{"Bleu_1": 0.4904813226979022, "Bleu_2": 0.30677425014165977, "Bleu_3": 0.19068998388931385, "Bleu_4": 0.11957267144125512, "METEOR": 0.21435752147827855, "ROUGE_L": 0.39894399755365856, "CIDEr": 0.7560812245114198}